[
    {
        "quote": "Be yourself; everyone else is already taken.",
        "person": "Oscar Wilde"
    },
    {
        "quote": "Two things are infinite: the universe and human stupidity.",
        "person": "Albert Einstein"
    },
    {
        "quote": "So many books, so little time.",
        "person": "Frank Zappa"
    },
    {
        "quote": "A room without books is like a body without a soul.",
        "person": "Marcus Tullius Cicero"
    },
    {
        "quote": "You only live once, but if you do it right, once is enough.",
        "person": "Mae West"
    }
]