{
  "hash": "bd84e916",
  "configHash": "41065773",
  "lockfileHash": "99dbae99",
  "browserHash": "21e465dd",
  "optimized": {
    "@angular/common": {
      "src": "../../../../../../node_modules/@angular/common/fesm2022/common.mjs",
      "file": "@angular_common.js",
      "fileHash": "e93f5488",
      "needsInterop": false
    },
    "@angular/core": {
      "src": "../../../../../../node_modules/@angular/core/fesm2022/core.mjs",
      "file": "@angular_core.js",
      "fileHash": "6b58d6fc",
      "needsInterop": false
    },
    "@angular/platform-browser": {
      "src": "../../../../../../node_modules/@angular/platform-browser/fesm2022/platform-browser.mjs",
      "file": "@angular_platform-browser.js",
      "fileHash": "509b2aa6",
      "needsInterop": false
    },
    "@angular/router": {
      "src": "../../../../../../node_modules/@angular/router/fesm2022/router.mjs",
      "file": "@angular_router.js",
      "fileHash": "39d9c490",
      "needsInterop": false
    },
    "rxjs": {
      "src": "../../../../../../node_modules/rxjs/dist/esm5/index.js",
      "file": "rxjs.js",
      "fileHash": "27a422b8",
      "needsInterop": false
    },
    "rxjs/operators": {
      "src": "../../../../../../node_modules/rxjs/dist/esm5/operators/index.js",
      "file": "rxjs_operators.js",
      "fileHash": "cbe476ec",
      "needsInterop": false
    },
    "zone.js": {
      "src": "../../../../../../node_modules/zone.js/fesm2015/zone.js",
      "file": "zone__js.js",
      "fileHash": "8829b914",
      "needsInterop": true
    }
  },
  "chunks": {
    "chunk-SRN6LDQX": {
      "file": "chunk-SRN6LDQX.js"
    },
    "chunk-K3EA7CJB": {
      "file": "chunk-K3EA7CJB.js"
    },
    "chunk-UWGLRKLR": {
      "file": "chunk-UWGLRKLR.js"
    },
    "chunk-HWYXSU2G": {
      "file": "chunk-HWYXSU2G.js"
    },
    "chunk-JRFR6BLO": {
      "file": "chunk-JRFR6BLO.js"
    },
    "chunk-MARUHEWW": {
      "file": "chunk-MARUHEWW.js"
    },
    "chunk-WDMUDEB6": {
      "file": "chunk-WDMUDEB6.js"
    }
  }
}